{
  "type": "minecraft:chest",
  "pools": [
    {
      "rolls": 7,
      "entries": [
        {
          "type": "minecraft:item",
          "name": "minecraft:quartz"
        },
        {
          "type": "minecraft:item",
          "name": "minecraft:brick"
        },
        {
          "type": "minecraft:item",
          "name": "minecraft:paper"
        },
        {
          "type": "minecraft:item",
          "name": "minecraft:glass_bottle"
        },
        {
          "type": "minecraft:item",
          "name": "minecraft:rabbit_hide"
        },
        {
          "type": "minecraft:item",
          "name": "minecraft:flint"
        },
        {
          "type": "minecraft:item",
          "name": "minecraft:bowl"
        },
        {
          "type": "minecraft:item",
          "name": "minecraft:feather"
        },
        {
          "type": "minecraft:item",
          "name": "minecraft:gold_nugget"
        },
        {
          "type": "minecraft:item",
          "name": "minecraft:iron_nugget"
        },
        {
          "type": "minecraft:item",
          "name": "minecraft:redstone"
        },
        {
          "type": "minecraft:item",
          "name": "minecraft:string"
        },
        {
          "type": "minecraft:item",
          "name": "minecraft:slime_ball"
        },
        {
          "type": "minecraft:item",
          "name": "minecraft:stick"
        }
      ]
    }
  ]
}
