{
  "feature": {
    "type": "minecraft:block_column",
    "config": {
      "direction": "up",
      "allowed_placement": {
        "type": "minecraft:true"
      },
      "prioritize_tip": true,
      "layers": [
        {
          "height": 0,
          "provider": {
            "type": "minecraft:simple_state_provider",
            "state": {
              "Name": "minecraft:coarse_dirt"
            }
          }
        },
        {
          "height": 1,
          "provider": {
            "type": "minecraft:simple_state_provider",
            "state": {
              "Name": "minecraft:stone"
            }
          }
        },
        {
          "height": 2,
          "provider": {
            "type": "minecraft:simple_state_provider",
            "state": {
              "Name": "minecraft:stone"
            }
          }
        }
      ]
    }
  },
  "placement": [
    {
      "type": "minecraft:fixed_placement",
      "positions": [
        [
          0,
          0,
          0
        ],
        [
          0,
          1,
          0
        ],
        [
          0,
          2,
          0
        ],
        [
          0,
          0,
          1
        ],
        [
          0,
          0,
          2
        ]
      ]
    }
  ]
}
