{
  "temperature": 2,
  "downfall": 0,
  "has_precipitation": false,
  "creature_spawn_probability": 0.03,
  "effects": {
    "sky_color": 11250603,
    "fog_color": 7895160,
    "water_color": 6517132,
    "water_fog_color": 2171190,
    "grass_color": 7498575,
    "foliage_color": 8088657,
    "particle": {
      "options": {
        "type": "minecraft:soul"
      },
      "probability": 0.0001
    }
  },
  "spawners": {
    "monster": [
      {
        "type": "minecraft:bat",
        "weight": 1,
        "minCount": 0,
        "maxCount": 5
      },
      {
        "type": "minecraft:skeleton",
        "weight": 1,
        "minCount": 0,
        "maxCount": 6
      },
      {
        "type": "minecraft:zombie",
        "weight": 0,
        "minCount": 0,
        "maxCount": 8
      }
    ]
  },
  "spawn_costs": {},
  "carvers": {
    "air": [
      "minecraft:cave"
    ]
  },
  "features": [
    "cool:shittytree"
    ]
}
