{
  "type": "minecraft:tree",
  "config": {
    "ignore_vines": true,
    "force_dirt": false,
    "minimum_size": {
      "type": "minecraft:two_layers_feature_size",
      "limit": 1,
      "lower_size": 1,
      "upper_size": 2
    },
    "dirt_provider": {
      "type": "minecraft:simple_state_provider",
      "state": {
        "Name": "minecraft:rooted_dirt"
      }
    },
    "trunk_provider": {
      "type": "minecraft:simple_state_provider",
      "state": {
        "Name": "minecraft:stripped_dark_oak_log",
        "Properties": {
          "axis": "y"
        }
      }
    },
    "foliage_provider": {
      "type": "minecraft:simple_state_provider",
      "state": {
        "Name": "minecraft:air"
      }
    },
    "root_placer": {
      "type": "minecraft:mangrove_root_placer",
      "root_provider": {
        "type": "minecraft:simple_state_provider",
        "state": {
          "Name": "minecraft:rooted_dirt"
        }
      },
      "trunk_offset_y": 0,
      "mangrove_root_placement": {
        "max_root_width": 1,
        "max_root_length": 1,
        "random_skew_chance": 0,
        "can_grow_through": "minecraft:grass_block",
        "muddy_roots_in": "#minecraft:air",
        "muddy_roots_provider": {
          "type": "minecraft:simple_state_provider",
          "state": {
            "Name": "minecraft:stone"
          }
        }
      }
    },
    "trunk_placer": {
      "type": "minecraft:forking_trunk_placer",
      "base_height": 3,
      "height_rand_a": 1,
      "height_rand_b": 3
    },
    "foliage_placer": {
      "type": "minecraft:random_spread_foliage_placer",
      "radius": 2,
      "offset": 0,
      "foliage_height": 1,
      "leaf_placement_attempts": 0
    },
    "decorators": []
  }
}
